Old,NewAbilene Christian,Abilene ChrAir Force,Air ForceAkron,AkronAlabama,AlabamaAlabama A&M,Alabama A&MAlabama St.,Alabama StAlbany,Albany NYAlcorn St.,Alcorn StAmerican,American UnivAppalachian St.,Appalachian StArizona,ArizonaArizona St.,Arizona StArkansas,ArkansasArkansas Little Rock,Ark Little RockArkansas Pine Bluff,Ark Pine BluffArkansas St.,Arkansas StArmy,ArmyAuburn,AuburnAustin Peay,Austin PeayBall St.,Ball StBaylor,BaylorBelmont,BelmontBethune Cookman,Bethune-CookmanBinghamton,BinghamtonBirmingham Southern,Birmingham SoBoise St.,Boise StBoston College,Boston CollegeBoston University,Boston UnivBowling Green,Bowling GreenBradley,BradleyBrown,BrownBryant,BryantBucknell,BucknellBuffalo,BuffaloButler,ButlerBYU,BYUCentral Michigan,C MichiganCal Poly,Cal Poly SLOCalifornia,CaliforniaCampbell,CampbellCanisius,CanisiusCentral Arkansas,Cent ArkansasCentenary,CentenaryCentral Connecticut,Central ConnCharleston Southern,Charleston SoCharlotte,CharlotteChattanooga,ChattanoogaChicago St.,Chicago StCincinnati,CincinnatiClemson,ClemsonCleveland St.,Cleveland StCoastal Carolina,Coastal CarCollege of Charleston,Col CharlestonColgate,ColgateColorado,ColoradoColorado St.,Colorado StColumbia,ColumbiaConnecticut,ConnecticutCoppin St.,Coppin StCornell,CornellCreighton,CreightonCal St. Bakersfield,CS BakersfieldCal St. Fullerton,CS FullertonCal St. Northridge,CS NorthridgeSacramento St.,CS SacramentoDartmouth,DartmouthDavidson,DavidsonDayton,DaytonDelaware,DelawareDelaware St.,Delaware StDenver,DenverDePaul,DePaulDetroit,DetroitDrake,DrakeDrexel,DrexelDuke,DukeDuquesne,DuquesneEast Carolina,East CarolinaEast Tennessee St.,ETSUEastern Illinois,E IllinoisEastern Kentucky,E KentuckyEastern Michigan,E MichiganEastern Washington,E WashingtonElon,ElonSIU Edwardsville,EdwardsvilleEvansville,EvansvilleFairleigh Dickinson,F DickinsonFairfield,FairfieldFlorida Atlantic,FL AtlanticFlorida Gulf Coast,FL Gulf CoastFlorida,FloridaFlorida A&M,Florida A&MFIU,Florida IntlFlorida St.,Florida StFordham,FordhamFresno St.,Fresno StFurman,FurmanGeorge Washington,G WashingtonGeorgia Southern,Ga SouthernGardner Webb,Gardner WebbGeorge Mason,George MasonGeorgetown,GeorgetownGeorgia,GeorgiaGeorgia St.,Georgia StGeorgia Tech,Georgia TechGonzaga,GonzagaGrambling St.,GramblingGrand Canyon,Grand CanyonGreen Bay,WI Green BayHampton,HamptonHartford,HartfordHarvard,HarvardHawaii,HawaiiHigh Point,High PointHofstra,HofstraHoly Cross,Holy CrossHouston,HoustonHouston Baptist,Houston BapHoward,HowardIdaho,IdahoIdaho St.,Idaho StIllinois Chicago,IL ChicagoIllinois,IllinoisIllinois St.,Illinois StIncarnate Word,Incarnate WordIndiana,IndianaIndiana St.,Indiana StIona,IonaIowa,IowaIowa St.,Iowa StIPFW,IPFWIUPUI,IUPUIJackson St.,Jackson StJacksonville,JacksonvilleJacksonville St.,Jacksonville StJames Madison,James MadisonKansas,KansasKansas St.,Kansas StKennesaw St.,KennesawKent St.,KentKentucky,KentuckyLa Salle,La SalleLafayette,LafayetteLamar,LamarLehigh,LehighLiberty,LibertyLipscomb,LipscombLong Beach St.,Long Beach StLIU Brooklyn,Long IslandLongwood,LongwoodLouisiana Lafayette,ULLLouisiana Monroe,ULMLouisiana Tech,Louisiana TechLouisville,LouisvilleLoyola Chicago,Loyola-ChicagoLoyola Marymount,Loy MarymountLoyola MD,Loyola MDLSU,LSUMaine,MaineUMass Lowell,MA LowellManhattan,ManhattanMarist,MaristMarquette,MarquetteMarshall,MarshallMaryland,MarylandMaryland Eastern Shore,MD E ShoreMassachusetts,MassachusettsMcNeese St.,McNeese StMemphis,MemphisMercer,MercerMiami FL,Miami FLMiami OH,Miami OHMichigan,MichiganMichigan St.,Michigan StMiddle Tennessee,MTSUMiddle Tennessee St.,MTSUMilwaukee,WI MilwaukeeMinnesota,MinnesotaMississippi,MississippiMississippi St.,Mississippi StMississippi Valley St.,MS Valley StMissouri,MissouriUMKC,Missouri KCMissouri St.,Missouri StMonmouth,Monmouth NJMontana,MontanaMontana St.,Montana StMorehead St.,Morehead StMorgan St.,Morgan StMorris Brown,Morris BrownMount St. Mary's,Mt St Mary'sMurray St.,Murray StNorthern Colorado,N ColoradoNorth Dakota St.,N Dakota StNorthern Illinois,N IllinoisNorthern Kentucky,N KentuckyNavy,NavyNorth Carolina A&T,NC A&TNorth Carolina Central,NC CentralNorth Carolina St.,NC StateNebraska,NebraskaNebraska Omaha,NE OmahaNevada,NevadaNew Hampshire,New HampshireNew Mexico,New MexicoNew Mexico St.,New Mexico StNew Orleans,New OrleansNiagara,NiagaraNicholls St.,Nicholls StNJIT,NJITNorfolk St.,Norfolk StNorth Carolina,North CarolinaNorth Dakota,North DakotaNorth Florida,North FloridaNorth Texas,North TexasNortheastern,NortheasternNorthern Arizona,Northern ArizonaNorthern Iowa,Northern IowaNorthwestern,NorthwesternNorthwestern St.,Northwestern LANotre Dame,Notre DameOakland,OaklandOhio,OhioOhio St.,Ohio StOklahoma,OklahomaOklahoma St.,Oklahoma StOld Dominion,Old DominionOral Roberts,Oral RobertsOregon,OregonOregon St.,Oregon StPacific,PacificPenn,PennPenn St.,Penn StPepperdine,PepperdinePittsburgh,PittsburghPortland,PortlandPortland St.,Portland StPrairie View A&M,Prairie ViewPresbyterian,PresbyterianPrinceton,PrincetonProvidence,ProvidencePurdue,PurdueQuinnipiac,QuinnipiacRadford,RadfordRhode Island,Rhode IslandRice,RiceRichmond,RichmondRider,RiderRobert Morris,Robert MorrisRutgers,RutgersSouth Carolina St.,S Carolina StSouth Dakota St.,S Dakota StSouthern Illinois,S IllinoisSacred Heart,Sacred HeartSam Houston St.,Sam Houston StSaint Joseph's,St Joseph's PASaint Louis,St LouisSaint Mary's,St Mary's CASaint Peter's,St Peter'sSamford,SamfordSan Diego,San DiegoSan Diego St.,San Diego StSan Francisco,San FranciscoSan Jose St.,San Jose StUC Santa Barbara,Santa BarbaraSanta Clara,Santa ClaraSavannah St.,Savannah StUSC Upstate,SC UpstateSoutheastern Louisiana,SE LouisianaSoutheast Missouri St.,SE Missouri StSeattle,SeattleSeton Hall,Seton HallStephen F. Austin,SF AustinSiena,SienaSMU,SMUSouth Alabama,South AlabamaSouth Carolina,South CarolinaSouth Dakota,South DakotaSouth Florida,South FloridaSouthern Miss,Southern MissSouthern,Southern UnivSouthern Utah,Southern UtahSouthwest Missouri St.,Missouri StSouthwest Texas St.,Texas StSt. Bonaventure,St BonaventureSt. Francis NY,St Francis NYSt. Francis PA,St Francis PASt. John's,St John'sStanford,StanfordStetson,StetsonStony Brook,Stony BrookSyracuse,SyracuseTexas A&M Corpus Chris,TAM C. ChristiTCU,TCUTemple,TempleTennessee,TennesseeTennessee Martin,TN MartinTennessee St.,Tennessee StTennessee Tech,Tennessee TechTexas,TexasTexas A&M,Texas A&MTexas Pan American,UTRGVTexas Southern,TX SouthernTexas St.,Texas StTexas Tech,Texas TechThe Citadel,CitadelToledo,ToledoTowson,TowsonTroy,TroyTroy St.,TroyTulane,TulaneTulsa,TulsaUAB,UABUC Davis,UC DavisUC Irvine,UC IrvineUC Riverside,UC RiversideUCF,UCFUCLA,UCLAUMBC,UMBCUNC Asheville,UNC AshevilleUNC Greensboro,UNC GreensboroUNC Wilmington,UNC WilmingtonUNLV,UNLVUSC,USCUT Arlington,UT ArlingtonUTSA,UT San AntonioUtah,UtahUtah St.,Utah StUtah Valley,Utah ValleyUtah Valley St.,Utah ValleyUTEP,UTEPValparaiso,ValparaisoVanderbilt,VanderbiltVCU,VA CommonwealthVermont,VermontVillanova,VillanovaVirginia,VirginiaVirginia Tech,Virginia TechVMI,VMIWestern Carolina,W CarolinaWestern Illinois,W IllinoisWestern Kentucky,WKUWestern Michigan,W MichiganWagner,WagnerWake Forest,Wake ForestWashington,WashingtonWashington St.,Washington StWeber St.,Weber StWest Virginia,West VirginiaWichita St.,Wichita StWilliam & Mary,William & MaryWinthrop,WinthropWisconsin,WisconsinWofford,WoffordWright St.,Wright StWyoming,WyomingXavier,XavierYale,YaleYoungstown St.,Youngstown StUT Rio Grande Valley,UTRGVLittle Rock,Ark Little RockFort Wayne,IPFW